{
  "project_info": {
    "project_number": "399138409579",
    "project_id": "bcs421-hw4-b007a",
    "storage_bucket": "bcs421-hw4-b007a.appspot.com"
  },
  "client": [
    {
      "client_info": {
        "mobilesdk_app_id": "1:399138409579:android:2570ec0811cc0b0286b52e",
        "android_client_info": {
          "package_name": "com.example.hw4"
        }
      },
      "oauth_client": [],
      "api_key": [
        {
          "current_key": "AIzaSyAGBNloJyPwFxvm0JYWsxN_lJcMkjNhj2g"
        }
      ],
      "services": {
        "appinvite_service": {
          "other_platform_oauth_client": []
        }
      }
    }
  ],
  "configuration_version": "1"
}